{"ASHzdEFTUk3baZpdgXr7PQ==":"toktok-partnership.jpeg","hgm1QP2whN6sQjP8fWV/iw==":"nationwide.jpeg","cRK0FFbdx7sc3dffeJHDKQ==":"today.jpeg","r6eriJPqGO5eZdZWqo3POw==":"screen-shot-2021-06-04-at-3.37.34-pm.png","9mIFQ9cRQAHQK/16bODiAg==":"screen-shot-2021-06-04-at-3.42.18-pm.png","QsxQACiBn4tji5mIIOASZw==":"screen-shot-2021-06-04-at-3.42.18-pm-1.png","WNaCHRcpKINFCgu2yVwKpw==":"screen-shot-2021-06-04-at-3.46.51-pm.png","cd16sAkQGwd+kMhy4r31WA==":"skexpresswebsitebannerok-506x135.jpg","XKVeVnKQnkL/wQ9L9strAg==":"food-506x265.png","8ntqM5JqoYQk327T0ZxVlg==":"affordable%20(1)-506x506.jpg","fTd9oKFZmVzJDdh+XeijzA==":"food-1-506x265.png","rcNIxcdl1CIHihJWUa/ZtA==":"affordable%20(1)-506x506.jpeg","Bts2YygqeMA+xs2pNFN1Lg==":"hi-life-506x506.jpg","ivWlXyiHxZ99oMwAn2tD6w==":"coppermask%20green-500x500.png","5zc7X9tq+88K7EXznHFHUw==":"food-696x364.png","JbOuakZJVSOT6XDxh9ptJQ==":"hi-life-696x696.jpg","Rm1a7ZWVgbaIhXhprcgigw==":"hi-life-696x696.jpeg","au0GoYHqwPutMeRAPRXwRQ==":"food-1-696x364.png","Hyb247DQ8pzRfQXJ4+t4BA==":"hi-life-1-696x696.jpeg","oDduGqlDIkacoFJ4EXiFyg==":"affordable%20(1)-696x696.jpg","uz/VpAzs+Dluy7L475LmdQ==":"toktokmall-696x696.jpg","rj9nFj4eWC1jSjMWbdtY1w==":"204580751_4416595678370741_3645431616192083728_n-400x300.jpg","v8uLxelYymZZgDuRYHD1Dw==":"ipa-toktok%20mo%20na%20yan!-400x566.png","7gITKxv49b1zSMVLkIcYdg==":"screen%20shot%202021-12-02%20at%2011.39.54%20am-594x460.png","9//6skDODDK9j9yIwXegFw==":"img-278-612x345.jpg","liW09V7B5mcI09ey33Y8BQ==":"screen%20shot%202021-12-02%20at%2011.41.22%20am-596x344.png","VI47A1WpBlFL2bQAeYFrng==":"screen%20shot%202021-12-02%20at%2011.42.00%20am-598x390.png","lXtSevZNMUQrxI1zNwruFw==":"screen%20shot%202021-12-02%20at%2011.43.25%20am-612x397.png","bcW7439LCrDGWO9caXRZ/g==":"img-279-612x612.jpeg","tDyEw3wuZkxXVz0hArrshg==":"image%20(2)-612x377.png","9MxarBJhxjQ7Y5hnvOGmtw==":"image%20(2)-612x377.png","bUvIntITZyU+0ozI2/8x9w==":"img-540-612x763.jpeg","ZcdXlNxL5ibhD4MUA7mUFA==":"chinkee-100x67.jpg","cj4iWCgUr8lDZBZSN5lTBA==":"richard-100x56.jpeg","NcVMn+cd+ouk9kO7zLi5OQ==":"richard-100x56.jpg","q3w/U++55E+VCnRvvycaDw==":"img-540-828x1032.jpg","dp3KlGAdrjvsog7ucNBr/A==":"mbr-1920x1280.jpg"}