{"Y1oev3NNKMq/xm4AQ4ra3w==":"image.png","7VuOrTiACLIro0gs0yMbfg==":"siomai-king-6.jpg","xT/fXJdB3Q0a1waSOTB6gA==":"thumbnail-2.jpg","TT0JpbxOedwCvNNnLc05AQ==":"abante-ivana-6.jpg","HNyHwDeZOr+Z4EVDZbZCQQ==":"food.png","wGEZ2uw9GP9X83IqNhah5w==":"a-sk-2.jpg","5aBHeOCzOOvRy6u1GOa/+w==":"a-sk-2.jpeg","jBJyz+42ZgA4Yrnw9aEHWg==":"a-sk-3.jpeg","biT0dUCVz3TNNq1Kjx/pJg==":"a-sk-4.jpg","FeJFgZOSmTdSjhXhv0FCww==":"a-sk-4.jpeg","sWA/9QKmA1iyuyjXqMTZRw==":"a-sk-5.jpeg","Q5LObbdVOZ1VXDAlNPBVKw==":"a-sk-1.jpeg","3549zh7s4nLT6Yo1fuvgvg==":"a-sk-6.jpeg","50g3Y4b5U4uVavuUHMw70w==":"tb6.jpeg","XiTiRtmwUN+CylGETpfPoA==":"mb-2.jpeg","Vxe+565+PM0hwRlQZl9HAQ==":"xxx-1.jpeg","fMPg9i2RIdz2fa7QhusOAw==":"sssss-1.jpeg","6OY4DwgD2obALVw0F7NFIw==":"mbr.jpg"}